innateness_score	category	cell_type
7344.40474520895	cell_types	exTh17
15568.00235651165	cell_types	YFPNeg
15226.246033280193	cell_types	Th17
1777.238867425111	cell_types	LN_Naive
6274.54689580511	cell_types	LN_Memory
